experiment,device,model,run,total_time_s,ttft_ms,tokens,tokens_per_sec,peak_ram_mb,avg_cpu_pct,load_time_s
E2-throughput,device1,tinyllama,1,3.7839,1362.11,100,26.43,1271.1,42.1,1.84
E2-throughput,device1,tinyllama,2,4.2054,80.57,100,23.78,1280.0,48.5,1.84
E2-throughput,device1,tinyllama,3,9.0491,216.87,100,11.05,1282.7,48.3,1.84
E2-throughput,device1,tinyllama,4,7.2821,177.75,100,13.73,1282.2,48.8,1.84
E2-throughput,device1,tinyllama,5,6.9268,359.94,100,14.44,1284.8,47.4,1.84
E2-throughput,device1,tinyllama,6,6.501,184.45,100,15.38,1287.0,48.2,1.84
E2-throughput,device1,tinyllama,7,6.5865,176.8,100,15.18,1287.2,48.8,1.84
E2-throughput,device1,tinyllama,8,6.726,161.22,100,14.87,1286.5,48.5,1.84
E2-throughput,device1,tinyllama,9,11.291,235.69,100,8.86,1286.5,47.8,1.84
E2-throughput,device1,tinyllama,10,7.529,173.36,100,13.28,1285.0,48.5,1.84
E2-throughput,device1,tinyllama,11,6.9031,154.4,100,14.49,1288.3,48.3,1.84
E2-throughput,device1,tinyllama,12,6.3586,155.3,100,15.73,1285.9,48.9,1.84
E2-throughput,device1,tinyllama,13,8.7863,240.89,100,11.38,1289.6,48.0,1.84
E2-throughput,device1,tinyllama,14,6.6938,401.61,100,14.94,1289.3,47.8,1.84
E2-throughput,device1,tinyllama,15,6.3354,168.85,100,15.78,1289.6,48.3,1.84
E2-throughput,device1,tinyllama,16,6.4592,169.7,100,15.48,1291.1,48.8,1.84
E2-throughput,device1,tinyllama,17,6.2937,162.02,100,15.89,1291.1,48.1,1.84
E2-throughput,device1,tinyllama,18,6.3894,170.03,100,15.65,1290.4,48.1,1.84
E2-throughput,device1,tinyllama,19,9.4962,147.33,100,10.53,1291.0,48.7,1.84
E2-throughput,device1,tinyllama,20,6.7087,174.74,100,14.91,1292.1,48.2,1.84
E2-throughput,device1,tinyllama-q5,1,5.5564,1437.58,100,18.0,1438.9,42.1,1.89
E2-throughput,device1,tinyllama-q5,2,8.1659,175.74,100,12.25,1443.8,48.8,1.89
E2-throughput,device1,tinyllama-q5,3,6.2016,159.18,100,16.12,1447.5,48.4,1.89
E2-throughput,device1,tinyllama-q5,4,6.3511,147.87,100,15.75,1447.5,48.9,1.89
E2-throughput,device1,tinyllama-q5,5,6.345,152.63,100,15.76,1442.3,48.9,1.89
E2-throughput,device1,tinyllama-q5,6,6.34,175.18,100,15.77,1447.0,48.6,1.89
E2-throughput,device1,tinyllama-q5,7,6.0548,146.28,100,16.52,1447.2,49.0,1.89
E2-throughput,device1,tinyllama-q5,8,6.4,170.36,100,15.63,1449.2,48.6,1.89
E2-throughput,device1,tinyllama-q5,9,6.1986,145.35,100,16.13,1449.2,48.3,1.89
E2-throughput,device1,tinyllama-q5,10,8.1022,167.54,100,12.34,1449.4,49.1,1.89
E2-throughput,device1,tinyllama-q5,11,6.5177,158.21,100,15.34,1448.9,48.4,1.89
E2-throughput,device1,tinyllama-q5,12,6.2202,139.51,100,16.08,1448.4,48.5,1.89
E2-throughput,device1,tinyllama-q5,13,6.2055,155.64,100,16.11,1448.1,48.6,1.89
E2-throughput,device1,tinyllama-q5,14,6.2179,148.0,100,16.08,1453.0,48.6,1.89
E2-throughput,device1,tinyllama-q5,15,6.2903,144.57,100,15.9,1450.9,48.6,1.89
E2-throughput,device1,tinyllama-q5,16,6.5087,162.36,100,15.36,1453.8,48.8,1.89
E2-throughput,device1,tinyllama-q5,17,7.0001,168.04,100,14.29,1454.7,48.3,1.89
E2-throughput,device1,tinyllama-q5,18,6.9472,162.78,100,14.39,1454.5,48.6,1.89
E2-throughput,device1,tinyllama-q5,19,6.7611,171.03,100,14.79,1451.6,48.7,1.89
E2-throughput,device1,tinyllama-q5,20,6.5122,155.9,100,15.36,1454.3,48.4,1.89
E2-throughput,device1,tinyllama-q8,1,16.2958,6223.47,100,6.14,1836.5,40.5,10.57
E2-throughput,device1,tinyllama-q8,2,8.7186,172.64,100,11.47,1841.6,48.4,10.57
E2-throughput,device1,tinyllama-q8,3,8.1382,182.96,100,12.29,1846.3,48.3,10.57
E2-throughput,device1,tinyllama-q8,4,9.9299,165.09,100,10.07,1846.3,48.2,10.57
E2-throughput,device1,tinyllama-q8,5,11.1478,192.29,100,8.97,1841.7,48.3,10.57
E2-throughput,device1,tinyllama-q8,6,9.9315,558.73,100,10.07,1847.3,48.4,10.57
E2-throughput,device1,tinyllama-q8,7,6.8112,175.81,100,14.68,1850.7,48.8,10.57
E2-throughput,device1,tinyllama-q8,8,9.189,177.17,100,10.88,1849.4,48.3,10.57
E2-throughput,device1,tinyllama-q8,9,7.1976,178.08,100,13.89,1849.8,49.0,10.57
E2-throughput,device1,tinyllama-q8,10,9.0733,166.57,100,11.02,1853.4,48.4,10.57
E2-throughput,device1,tinyllama-q8,11,7.6869,159.76,100,13.01,1853.4,49.1,10.57
E2-throughput,device1,tinyllama-q8,12,6.856,160.85,100,14.59,1852.1,48.6,10.57
E2-throughput,device1,tinyllama-q8,13,7.8792,151.01,100,12.69,1853.4,49.1,10.57
E2-throughput,device1,tinyllama-q8,14,7.541,155.79,100,13.26,1854.6,48.8,10.57
E2-throughput,device1,tinyllama-q8,15,7.5497,192.39,100,13.25,1854.8,48.7,10.57
E2-throughput,device1,tinyllama-q8,16,7.4403,159.71,100,13.44,1858.7,48.6,10.57
E2-throughput,device1,tinyllama-q8,17,7.1555,162.44,100,13.98,1858.7,48.7,10.57
E2-throughput,device1,tinyllama-q8,18,7.086,152.81,100,14.11,1858.2,48.9,10.57
E2-throughput,device1,tinyllama-q8,19,7.1986,156.73,100,13.89,1858.2,48.9,10.57
E2-throughput,device1,tinyllama-q8,20,7.6048,244.99,100,13.15,1855.7,48.8,10.57
E2-throughput,device1,phi3:mini,1,47.6634,23289.93,100,2.1,4288.7,33.2,40.95
E2-throughput,device1,phi3:mini,2,20.0608,357.89,100,4.98,3520.8,49.5,40.95
E2-throughput,device1,phi3:mini,3,19.1268,275.71,100,5.23,3524.2,49.7,40.95
E2-throughput,device1,phi3:mini,4,18.8162,253.77,100,5.31,3526.2,49.7,40.95
E2-throughput,device1,phi3:mini,5,38.2609,232.1,100,2.61,3526.5,48.0,40.95
E2-throughput,device1,phi3:mini,6,27.6406,340.45,100,3.62,3529.4,49.0,40.95
E2-throughput,device1,phi3:mini,7,45.3316,289.85,100,2.21,3530.3,47.8,40.95
E2-throughput,device1,phi3:mini,8,32.0787,499.86,100,3.12,3531.8,48.5,40.95
E2-throughput,device1,phi3:mini,9,33.283,295.57,100,3.0,3532.2,48.6,40.95
E2-throughput,device1,phi3:mini,10,30.3831,272.8,100,3.29,3529.7,48.9,40.95
E2-throughput,device1,phi3:mini,11,33.9363,265.37,100,2.95,3529.6,48.8,40.95
E2-throughput,device1,phi3:mini,12,30.9453,500.58,100,3.23,3531.7,48.9,40.95
E2-throughput,device1,phi3:mini,13,24.2015,316.44,100,4.13,3531.7,49.4,40.95
E2-throughput,device1,phi3:mini,14,28.3363,264.98,100,3.53,3532.8,49.0,40.95
E2-throughput,device1,phi3:mini,15,25.9318,242.82,100,3.86,3534.0,49.0,40.95
E2-throughput,device1,phi3:mini,16,29.1021,372.74,100,3.44,3533.8,48.8,40.95
E2-throughput,device1,phi3:mini,17,36.0467,410.42,100,2.77,3535.0,48.4,40.95
E2-throughput,device1,phi3:mini,18,31.8838,268.5,100,3.14,3532.6,48.7,40.95
E2-throughput,device1,phi3:mini,19,27.8683,238.92,100,3.59,3559.2,52.5,40.95
E2-throughput,device1,phi3:mini,20,27.1777,249.94,100,3.68,3534.9,49.2,40.95
E2-throughput,device1,phi3-q5,1,75.866,40112.99,100,1.32,4843.8,30.8,27.75
E2-throughput,device1,phi3-q5,2,35.4506,397.68,100,2.82,4083.2,48.7,27.75
E2-throughput,device1,phi3-q5,3,35.4489,281.14,100,2.82,4085.7,49.5,27.75
E2-throughput,device1,phi3-q5,4,31.399,350.88,100,3.18,4089.1,49.1,27.75
E2-throughput,device1,phi3-q5,5,27.6643,396.69,100,3.61,4091.2,49.6,27.75
E2-throughput,device1,phi3-q5,6,23.4575,330.01,100,4.26,4091.6,49.6,27.75
E2-throughput,device1,phi3-q5,7,27.4464,253.27,100,3.64,4091.1,49.5,27.75
E2-throughput,device1,phi3-q5,8,31.0435,298.51,100,3.22,4093.5,49.2,27.75
E2-throughput,device1,phi3-q5,9,39.7141,316.2,100,2.52,4092.6,48.8,27.75
E2-throughput,device1,phi3-q5,10,32.4913,460.75,100,3.08,4093.5,49.0,27.75
E2-throughput,device1,phi3-q5,11,24.8744,306.4,100,4.02,4094.2,49.7,27.75
E2-throughput,device1,phi3-q5,12,26.0622,274.92,100,3.84,4094.2,49.7,27.75
E2-throughput,device1,phi3-q5,13,30.4085,365.78,100,3.29,4093.4,49.0,27.75
E2-throughput,device1,phi3-q5,14,25.8713,272.02,100,3.87,4095.1,49.5,27.75
E2-throughput,device1,phi3-q5,15,23.6262,276.43,100,4.23,4097.5,49.7,27.75
E2-throughput,device1,phi3-q5,16,25.4588,357.25,100,3.93,4098.8,50.0,27.75
E2-throughput,device1,phi3-q5,17,25.7736,319.51,100,3.88,4097.0,49.3,27.75
E2-throughput,device1,phi3-q5,18,23.0661,360.5,100,4.34,4098.0,49.7,27.75
E2-throughput,device1,phi3-q5,19,22.1223,297.2,100,4.52,4097.2,49.8,27.75
E2-throughput,device1,phi3-q5,20,22.7253,601.97,100,4.4,4097.9,49.7,27.75
E2-throughput,device1,phi3-q8,1,54.411,25703.42,100,1.84,6079.6,32.8,48.4
E2-throughput,device1,phi3-q8,2,30.3069,302.54,100,3.3,5311.9,49.5,48.4
E2-throughput,device1,phi3-q8,3,23.9228,274.87,100,4.18,5313.6,49.7,48.4
E2-throughput,device1,phi3-q8,4,23.4647,314.75,100,4.26,5318.7,49.3,48.4
E2-throughput,device1,phi3-q8,5,32.2933,267.07,100,3.1,5319.9,49.7,48.4
E2-throughput,device1,phi3-q8,6,28.0642,280.91,100,3.56,5318.7,49.6,48.4
E2-throughput,device1,phi3-q8,7,25.4492,249.89,100,3.93,5321.6,49.7,48.4
E2-throughput,device1,phi3-q8,8,51.1645,320.43,100,1.95,5320.4,48.0,48.4
E2-throughput,device1,phi3-q8,9,27.6891,445.34,100,3.61,5321.3,49.5,48.4
E2-throughput,device1,phi3-q8,10,23.2827,512.14,100,4.3,5321.3,49.6,48.4
E2-throughput,device1,phi3-q8,11,23.1918,283.56,100,4.31,5323.9,49.6,48.4
E2-throughput,device1,phi3-q8,12,22.6072,263.84,100,4.42,5324.0,49.8,48.4
E2-throughput,device1,phi3-q8,13,33.6577,312.88,100,2.97,5325.9,49.5,48.4
E2-throughput,device1,phi3-q8,14,42.6053,354.22,100,2.35,5324.9,49.0,48.4
E2-throughput,device1,phi3-q8,15,29.7895,526.58,100,3.36,5325.6,49.7,48.4
E2-throughput,device1,phi3-q8,16,20.7764,292.29,100,4.81,5326.2,49.9,48.4
E2-throughput,device1,phi3-q8,17,20.5749,246.93,100,4.86,5326.5,50.1,48.4
E2-throughput,device1,phi3-q8,18,20.5151,261.97,100,4.87,5327.2,49.7,48.4
E2-throughput,device1,phi3-q8,19,22.3812,263.3,100,4.47,5327.2,49.7,48.4
E2-throughput,device1,phi3-q8,20,21.0235,296.59,100,4.76,5326.4,49.8,48.4
E2-throughput,device1,qwen2.5:3b,1,19.4344,8981.52,73,3.76,2740.9,38.5,15.38
E2-throughput,device1,qwen2.5:3b,2,11.5024,364.03,73,6.35,2721.2,47.6,15.38
E2-throughput,device1,qwen2.5:3b,3,15.0565,436.24,73,4.85,2726.2,47.8,15.38
E2-throughput,device1,qwen2.5:3b,4,14.4177,362.4,73,5.06,2728.7,48.0,15.38
E2-throughput,device1,qwen2.5:3b,5,15.231,334.72,73,4.79,2731.6,48.1,15.38
E2-throughput,device1,qwen2.5:3b,6,16.4757,497.36,73,4.43,2732.7,47.3,15.38
E2-throughput,device1,qwen2.5:3b,7,18.8271,699.88,73,3.88,2734.7,47.6,15.38
E2-throughput,device1,qwen2.5:3b,8,17.6012,697.62,73,4.15,2732.7,47.1,15.38
E2-throughput,device1,qwen2.5:3b,9,13.8249,410.2,73,5.28,2733.3,47.6,15.38
E2-throughput,device1,qwen2.5:3b,10,13.7458,388.5,73,5.31,2767.4,51.4,15.38
E2-throughput,device1,qwen2.5:3b,11,13.5511,391.15,73,5.39,2744.0,47.7,15.38
E2-throughput,device1,qwen2.5:3b,12,11.4383,439.65,73,6.38,2744.5,48.0,15.38
E2-throughput,device1,qwen2.5:3b,13,12.8203,493.17,73,5.69,2744.0,47.5,15.38
E2-throughput,device1,qwen2.5:3b,14,11.7723,336.67,73,6.2,2747.9,48.0,15.38
E2-throughput,device1,qwen2.5:3b,15,12.3327,320.4,73,5.92,2748.1,48.5,15.38
E2-throughput,device1,qwen2.5:3b,16,14.985,545.02,73,4.87,2749.5,47.8,15.38
E2-throughput,device1,qwen2.5:3b,17,12.5961,385.4,73,5.8,2748.1,48.2,15.38
E2-throughput,device1,qwen2.5:3b,18,12.3486,378.33,73,5.91,2751.3,48.3,15.38
E2-throughput,device1,qwen2.5:3b,19,12.2229,570.11,73,5.97,2755.8,47.4,15.38
E2-throughput,device1,qwen2.5:3b,20,11.6774,365.92,73,6.25,2756.7,47.9,15.38
E2-throughput,device1,qwen-q5,1,37.945,16841.0,99,2.61,3366.4,32.9,20.0
E2-throughput,device1,qwen-q5,2,17.747,562.29,99,5.58,3311.0,48.5,20.0
E2-throughput,device1,qwen-q5,3,20.5656,455.74,99,4.81,3318.0,48.6,20.0
E2-throughput,device1,qwen-q5,4,24.8672,532.61,99,3.98,3320.4,48.5,20.0
E2-throughput,device1,qwen-q5,5,28.8783,640.12,99,3.43,3317.4,48.0,20.0
E2-throughput,device1,qwen-q5,6,23.7398,487.68,99,4.17,3320.8,48.3,20.0
E2-throughput,device1,qwen-q5,7,24.3485,390.1,99,4.07,3322.6,48.4,20.0
E2-throughput,device1,qwen-q5,8,22.9372,377.28,99,4.32,3324.0,48.5,20.0
E2-throughput,device1,qwen-q5,9,20.346,426.34,99,4.87,3326.6,48.2,20.0
E2-throughput,device1,qwen-q5,10,18.9672,446.58,99,5.22,3327.2,48.5,20.0
E2-throughput,device1,qwen-q5,11,25.8009,364.25,99,3.84,3327.3,48.1,20.0
E2-throughput,device1,qwen-q5,12,22.4327,540.67,99,4.41,3328.9,48.2,20.0
E2-throughput,device1,qwen-q5,13,25.6615,509.91,99,3.86,3330.5,48.2,20.0
E2-throughput,device1,qwen-q5,14,26.3525,759.12,99,3.76,3331.9,47.7,20.0
E2-throughput,device1,qwen-q5,15,25.6019,695.77,99,3.87,3335.4,47.6,20.0
E2-throughput,device1,qwen-q5,16,18.8215,397.97,99,5.26,3334.4,48.6,20.0
E2-throughput,device1,qwen-q5,17,20.5216,559.72,99,4.82,3337.1,48.6,20.0
E2-throughput,device1,qwen-q5,18,24.5225,575.45,99,4.04,3339.7,48.3,20.0
E2-throughput,device1,qwen-q5,19,24.6967,451.7,99,4.01,3340.6,48.3,20.0
E2-throughput,device1,qwen-q5,20,24.3288,639.1,99,4.07,3344.5,47.9,20.0
E2-throughput,device1,qwen-q8,1,65.8193,41591.79,85,1.29,4570.7,25.6,53.57
E2-throughput,device1,qwen-q8,2,26.386,492.55,85,3.22,4411.5,48.4,53.57
E2-throughput,device1,qwen-q8,3,19.9957,415.41,85,4.25,4415.1,48.8,53.57
E2-throughput,device1,qwen-q8,4,21.7086,541.48,85,3.92,4416.6,48.4,53.57
E2-throughput,device1,qwen-q8,5,24.2887,510.0,85,3.5,4420.7,48.4,53.57
E2-throughput,device1,qwen-q8,6,19.8121,485.24,85,4.29,4418.1,48.4,53.57
E2-throughput,device1,qwen-q8,7,19.6231,567.22,85,4.33,4421.8,48.3,53.57
E2-throughput,device1,qwen-q8,8,19.458,384.97,85,4.37,4422.9,48.9,53.57
E2-throughput,device1,qwen-q8,9,22.9519,464.5,85,3.7,4423.2,48.4,53.57
E2-throughput,device1,qwen-q8,10,27.5559,727.03,85,3.08,4425.8,48.5,53.57
E2-throughput,device1,qwen-q8,11,17.5095,467.19,85,4.85,4427.3,48.6,53.57
E2-throughput,device1,qwen-q8,12,22.6245,484.77,85,3.76,4429.5,48.5,53.57
E2-throughput,device1,qwen-q8,13,19.7257,458.06,85,4.31,4431.9,49.4,53.57
E2-throughput,device1,qwen-q8,14,19.9888,532.16,85,4.25,4454.8,51.3,53.57
E2-throughput,device1,qwen-q8,15,18.657,440.13,85,4.56,4431.4,48.7,53.57
E2-throughput,device1,qwen-q8,16,19.7409,424.53,85,4.31,4432.6,48.8,53.57
E2-throughput,device1,qwen-q8,17,21.3935,679.06,85,3.97,4436.5,48.3,53.57
E2-throughput,device1,qwen-q8,18,24.8213,603.75,85,3.42,4436.2,48.7,53.57
E2-throughput,device1,qwen-q8,19,26.362,448.46,85,3.22,4435.3,48.8,53.57
E2-throughput,device1,qwen-q8,20,19.3751,463.82,85,4.39,4434.1,48.8,53.57
E2-throughput,device1,mistral:7b,1,185.2945,127935.8,98,0.53,5466.1,25.6,77.05
E2-throughput,device1,mistral:7b,2,43.5903,726.73,98,2.25,5206.6,49.5,77.05
E2-throughput,device1,mistral:7b,3,36.0026,410.02,98,2.72,5211.7,49.9,77.05
E2-throughput,device1,mistral:7b,4,29.5052,348.93,98,3.32,5213.0,49.7,77.05
E2-throughput,device1,mistral:7b,5,31.3649,274.35,98,3.12,5216.3,49.9,77.05
E2-throughput,device1,mistral:7b,6,31.112,473.54,98,3.15,5218.0,49.8,77.05
E2-throughput,device1,mistral:7b,7,37.5624,368.49,98,2.61,5217.4,49.3,77.05
E2-throughput,device1,mistral:7b,8,38.6131,482.69,98,2.54,5218.6,49.3,77.05
E2-throughput,device1,mistral:7b,9,34.0209,334.16,98,2.88,5218.4,49.8,77.05
E2-throughput,device1,mistral:7b,10,34.6002,274.86,98,2.83,5217.0,49.4,77.05
E2-throughput,device1,mistral:7b,11,36.3599,493.27,98,2.7,5217.0,49.7,77.05
E2-throughput,device1,mistral:7b,12,38.9344,313.25,98,2.52,5218.0,50.0,77.05
E2-throughput,device1,mistral:7b,13,33.6198,1057.03,98,2.91,5219.0,49.7,77.05
E2-throughput,device1,mistral:7b,14,27.676,298.78,98,3.54,5221.0,50.1,77.05
E2-throughput,device1,mistral:7b,15,28.4947,288.44,98,3.44,5221.7,49.8,77.05
E2-throughput,device1,mistral:7b,16,36.4159,290.98,98,2.69,5219.1,49.1,77.05
E2-throughput,device1,mistral:7b,17,39.9419,406.43,98,2.45,5221.2,49.1,77.05
E2-throughput,device1,mistral:7b,18,39.9686,390.32,98,2.45,5222.6,49.2,77.05
E2-throughput,device1,mistral:7b,19,40.2248,589.63,98,2.44,5221.5,49.1,77.05
E2-throughput,device1,mistral:7b,20,43.4191,278.96,98,2.26,5219.9,49.3,77.05
E2-throughput,device1,mistral-q5,1,159.0186,105946.79,94,0.59,6176.8,32.5,47.2
E2-throughput,device1,mistral-q5,2,55.909,1012.11,94,1.68,5926.3,49.3,47.2
E2-throughput,device1,mistral-q5,3,50.2557,622.44,94,1.87,5927.2,50.0,47.2
E2-throughput,device1,mistral-q5,4,33.8868,517.68,94,2.77,5928.7,49.8,47.2
E2-throughput,device1,mistral-q5,5,40.5411,332.3,94,2.32,5928.8,49.9,47.2
E2-throughput,device1,mistral-q5,6,37.6577,438.41,94,2.5,5930.7,50.0,47.2
E2-throughput,device1,mistral-q5,7,42.0568,468.93,94,2.24,5931.2,49.8,47.2
E2-throughput,device1,mistral-q5,8,41.7092,493.02,94,2.25,5932.2,49.8,47.2
E2-throughput,device1,mistral-q5,9,52.6206,866.82,94,1.79,5930.8,49.5,47.2
E2-throughput,device1,mistral-q5,10,39.0732,662.67,94,2.41,5933.5,50.0,47.2
E2-throughput,device1,mistral-q5,11,36.7301,387.49,94,2.56,5931.4,49.9,47.2
E2-throughput,device1,mistral-q5,12,54.5042,451.29,94,1.72,5932.1,49.9,47.2
E2-throughput,device1,mistral-q5,13,41.2529,751.94,94,2.28,5931.3,49.9,47.2
E2-throughput,device1,mistral-q5,14,37.1709,426.31,94,2.53,5934.9,49.9,47.2
E2-throughput,device1,mistral-q5,15,38.7372,462.78,94,2.43,5935.0,49.9,47.2
E2-throughput,device1,mistral-q5,16,36.2535,428.43,94,2.59,5937.6,50.2,47.2
E2-throughput,device1,mistral-q5,17,38.3426,432.09,94,2.45,5938.5,49.8,47.2
E2-throughput,device1,mistral-q5,18,34.8019,430.73,94,2.7,5937.2,50.0,47.2
E2-throughput,device1,mistral-q5,19,35.4501,405.58,94,2.65,5936.9,50.0,47.2
E2-throughput,device1,mistral-q5,20,36.0492,422.89,94,2.61,5937.3,50.0,47.2
E2-throughput,device1,mistral-q8,1,417.7099,308152.79,100,0.24,7746.9,21.2,117.72
E2-throughput,device1,mistral-q8,2,58.3557,2496.2,100,1.71,7719.0,51.6,117.72
E2-throughput,device1,mistral-q8,3,46.2588,1787.83,100,2.16,7713.3,49.3,117.72
E2-throughput,device1,mistral-q8,4,46.7842,1145.83,100,2.14,7715.3,51.0,117.72
E2-throughput,device1,mistral-q8,5,85.2451,14602.61,100,1.17,7731.7,39.3,117.72
E2-throughput,device1,mistral-q8,6,60.2217,1997.78,100,1.66,7717.5,50.1,117.72
E2-throughput,device1,mistral-q8,7,46.8619,1863.05,100,2.13,7718.1,49.8,117.72
E2-throughput,device1,mistral-q8,8,44.5639,1269.62,100,2.24,7719.0,49.7,117.72
E2-throughput,device1,mistral-q8,9,41.6368,749.15,100,2.4,7718.7,51.8,117.72
E2-throughput,device1,mistral-q8,10,40.9413,1450.74,100,2.44,7717.7,50.3,117.72
E2-throughput,device1,mistral-q8,11,46.4964,1413.06,100,2.15,7715.8,49.9,117.72
E2-throughput,device1,mistral-q8,12,79.8955,723.55,100,1.25,7719.4,49.1,117.72
E2-throughput,device1,mistral-q8,13,84.0871,12774.0,100,1.19,7731.3,46.7,117.72
E2-throughput,device1,mistral-q8,14,59.8942,1400.32,100,1.67,7717.7,50.5,117.72
E2-throughput,device1,mistral-q8,15,69.8405,1921.31,100,1.43,7718.8,49.7,117.72
E2-throughput,device1,mistral-q8,16,74.2878,2401.65,100,1.35,7718.5,49.4,117.72
E2-throughput,device1,mistral-q8,17,74.5845,2021.54,100,1.34,7717.4,49.2,117.72
E2-throughput,device1,mistral-q8,18,43.3731,1190.53,100,2.31,7719.7,50.7,117.72
E2-throughput,device1,mistral-q8,19,46.3562,1426.28,100,2.16,7717.4,50.7,117.72
E2-throughput,device1,mistral-q8,20,59.0495,1468.33,100,1.69,7718.2,49.8,117.72
